Dog Poo Bags - 540 Counts Biodegradable Poop Waste Bag Refill Rolls for Dogs include 1 Adjustable Dispenser | Scented,Plastic,0.86,Land,Medium,C,2.15,China
Dog Poo Bags - 540 Counts Biodegradable Poop Waste Bag Refill Rolls for Dogs include 1 Adjustable Dispenser | Scented,Plastic,0.86,Land,Medium,C,2.15,China
Dog Poo Bags - 540 Counts Biodegradable Poop Waste Bag Refill Rolls for Dogs include 1 Adjustable Dispenser | Scented,Plastic,0.86,Land,Medium,C,2.15,China
"16 Inch Pedestal Fan – Adjustable Height Chrome Standing Fan, 3-Speed Oscillating Quiet Cooling, Metal Floor Fan with Tilt Head for Bedroom, Office, Home",Other,1.05,Land,Medium,C,2.1,China
"120cm Wide Home Office Desk – Stylish Wooden Study Table with Metal Legs, Spacious Workstation for Home, Computer Table & Writing Desk, Ideal for Remote Working & Modern Interiors",Other,19.95,Land,Medium,C,39.9,China
"120cm Wide Home Office Desk – Stylish Wooden Study Table with Metal Legs, Spacious Workstation for Home, Computer Table & Writing Desk, Ideal for Remote Working & Modern Interiors",Other,19.95,Land,Medium,C,39.9,China
"120cm Wide Home Office Desk – Stylish Wooden Study Table with Metal Legs, Spacious Workstation for Home, Computer Table & Writing Desk, Ideal for Remote Working & Modern Interiors",Other,19.95,Land,Medium,C,39.9,China
"120cm Wide Home Office Desk – Stylish Wooden Study Table with Metal Legs, Spacious Workstation for Home, Computer Table & Writing Desk, Ideal for Remote Working & Modern Interiors",Other,19.95,Land,Medium,C,39.9,China
"120cm Wide Home Office Desk – Stylish Wooden Study Table with Metal Legs, Spacious Workstation for Home, Computer Table & Writing Desk, Ideal for Remote Working & Modern Interiors",Other,19.95,Land,Medium,C,39.9,China
"120cm Wide Home Office Desk – Stylish Wooden Study Table with Metal Legs, Spacious Workstation for Home, Computer Table & Writing Desk, Ideal for Remote Working & Modern Interiors",Other,19.95,Land,Medium,C,39.9,China
"120cm Wide Home Office Desk – Stylish Wooden Study Table with Metal Legs, Spacious Workstation for Home, Computer Table & Writing Desk, Ideal for Remote Working & Modern Interiors",Other,19.95,Land,Medium,C,39.9,China
"120cm Wide Home Office Desk – Stylish Wooden Study Table with Metal Legs, Spacious Workstation for Home, Computer Table & Writing Desk, Ideal for Remote Working & Modern Interiors",Other,19.95,Land,Medium,C,39.9,China
"120cm Wide Home Office Desk – Stylish Wooden Study Table with Metal Legs, Spacious Workstation for Home, Computer Table & Writing Desk, Ideal for Remote Working & Modern Interiors",Other,19.95,Land,Medium,C,39.9,China
"120cm Wide Home Office Desk – Stylish Wooden Study Table with Metal Legs, Spacious Workstation for Home, Computer Table & Writing Desk, Ideal for Remote Working & Modern Interiors",Other,19.95,Land,Medium,C,39.9,China
"120cm Wide Home Office Desk – Stylish Wooden Study Table with Metal Legs, Spacious Workstation for Home, Computer Table & Writing Desk, Ideal for Remote Working & Modern Interiors",Other,19.95,Land,Medium,C,39.9,China
"120cm Wide Home Office Desk – Stylish Wooden Study Table with Metal Legs, Spacious Workstation for Home, Computer Table & Writing Desk, Ideal for Remote Working & Modern Interiors",Other,19.95,Land,Medium,C,39.9,China
"120cm Wide Home Office Desk – Stylish Wooden Study Table with Metal Legs, Spacious Workstation for Home, Computer Table & Writing Desk, Ideal for Remote Working & Modern Interiors",Other,19.95,Land,Medium,C,39.9,China
"120cm Wide Home Office Desk – Stylish Wooden Study Table with Metal Legs, Spacious Workstation for Home, Computer Table & Writing Desk, Ideal for Remote Working & Modern Interiors",Other,19.95,Land,Medium,C,39.9,China
"120cm Wide Home Office Desk – Stylish Wooden Study Table with Metal Legs, Spacious Workstation for Home, Computer Table & Writing Desk, Ideal for Remote Working & Modern Interiors",Other,19.95,Land,Medium,C,39.9,China
"120cm Wide Home Office Desk – Stylish Wooden Study Table with Metal Legs, Spacious Workstation for Home, Computer Table & Writing Desk, Ideal for Remote Working & Modern Interiors",Other,19.95,Land,Medium,C,39.9,China
"120cm Wide Home Office Desk – Stylish Wooden Study Table with Metal Legs, Spacious Workstation for Home, Computer Table & Writing Desk, Ideal for Remote Working & Modern Interiors",Other,19.95,Land,Medium,C,39.9,China
"120cm Wide Home Office Desk – Stylish Wooden Study Table with Metal Legs, Spacious Workstation for Home, Computer Table & Writing Desk, Ideal for Remote Working & Modern Interiors",Other,19.95,Land,Medium,C,39.9,China
"120cm Wide Home Office Desk – Stylish Wooden Study Table with Metal Legs, Spacious Workstation for Home, Computer Table & Writing Desk, Ideal for Remote Working & Modern Interiors",Other,19.95,Land,Medium,C,39.9,China
"120cm Wide Home Office Desk – Stylish Wooden Study Table with Metal Legs, Spacious Workstation for Home, Computer Table & Writing Desk, Ideal for Remote Working & Modern Interiors",Other,19.95,Land,Medium,C,39.9,China
"120cm Wide Home Office Desk – Stylish Wooden Study Table with Metal Legs, Spacious Workstation for Home, Computer Table & Writing Desk, Ideal for Remote Working & Modern Interiors",Other,19.95,Land,Medium,C,39.9,China
"120cm Wide Home Office Desk – Stylish Wooden Study Table with Metal Legs, Spacious Workstation for Home, Computer Table & Writing Desk, Ideal for Remote Working & Modern Interiors",Other,19.95,Land,Medium,C,39.9,China
"DOOGEE 2025 Newest Android 15 Tablets, U11 11 Inch Tablet,16GB RAM+128GB ROM (TF 2TB), 8580mAh, Octa Core,5G WiFi Android Tablets| Widevine L1 | Netflix | Bluetooth 5.0 | 13MP+5MP | GPS | OTG - Black",Other,0.02,Land,Medium,C,0.03,China
"DOOGEE 2025 Newest Android 15 Tablets, U11 11 Inch Tablet,16GB RAM+128GB ROM (TF 2TB), 8580mAh, Octa Core,5G WiFi Android Tablets| Widevine L1 | Netflix | Bluetooth 5.0 | 13MP+5MP | GPS | OTG - Black",Other,0.02,Land,Medium,C,0.03,China
"DOOGEE 2025 Newest Android 15 Tablets, U11 11 Inch Tablet,16GB RAM+128GB ROM (TF 2TB), 8580mAh, Octa Core,5G WiFi Android Tablets| Widevine L1 | Netflix | Bluetooth 5.0 | 13MP+5MP | GPS | OTG - Black",Other,0.02,Land,Medium,C,0.03,China
"DOOGEE 2025 Newest Android 15 Tablets, U11 11 Inch Tablet,16GB RAM+128GB ROM (TF 2TB), 8580mAh, Octa Core,5G WiFi Android Tablets| Widevine L1 | Netflix | Bluetooth 5.0 | 13MP+5MP | GPS | OTG - Black",Other,0.02,Land,Medium,C,0.03,China
"DOOGEE 2025 Newest Android 15 Tablets, U11 11 Inch Tablet,16GB RAM+128GB ROM (TF 2TB), 8580mAh, Octa Core,5G WiFi Android Tablets| Widevine L1 | Netflix | Bluetooth 5.0 | 13MP+5MP | GPS | OTG - Black",Other,0.02,Land,Medium,C,0.03,China
"DOOGEE 2025 Newest Android 15 Tablets, U11 11 Inch Tablet,16GB RAM+128GB ROM (TF 2TB), 8580mAh, Octa Core,5G WiFi Android Tablets| Widevine L1 | Netflix | Bluetooth 5.0 | 13MP+5MP | GPS | OTG - Black",Other,0.02,Land,Medium,C,0.03,China
"DOOGEE 2025 Newest Android 15 Tablets, U11 11 Inch Tablet,16GB RAM+128GB ROM (TF 2TB), 8580mAh, Octa Core,5G WiFi Android Tablets| Widevine L1 | Netflix | Bluetooth 5.0 | 13MP+5MP | GPS | OTG - Black",Other,0.02,Land,Medium,C,0.03,China
"DOOGEE 2025 Newest Android 15 Tablets, U11 11 Inch Tablet,16GB RAM+128GB ROM (TF 2TB), 8580mAh, Octa Core,5G WiFi Android Tablets| Widevine L1 | Netflix | Bluetooth 5.0 | 13MP+5MP | GPS | OTG - Black",Other,0.02,Land,Medium,C,0.03,China
"DOOGEE 2025 Newest Android 15 Tablets, U11 11 Inch Tablet,16GB RAM+128GB ROM (TF 2TB), 8580mAh, Octa Core,5G WiFi Android Tablets| Widevine L1 | Netflix | Bluetooth 5.0 | 13MP+5MP | GPS | OTG - Black",Other,0.02,Land,Medium,C,0.03,China
Metal Bins Small Medium Large Extra Large 15L 50L 60L 90L 110L Litre Metal Galvanised Home Garden Bin Leaves Paper Wood Rubbish Dustbin Made Storage Unit in U. K. (15 Liter),Steel,1.05,Land,Medium,C,1.89,China
Metal Bins Small Medium Large Extra Large 15L 50L 60L 90L 110L Litre Metal Galvanised Home Garden Bin Leaves Paper Wood Rubbish Dustbin Made Storage Unit in U. K. (15 Liter),Steel,1.05,Land,Medium,C,1.89,China
Metal Bins Small Medium Large Extra Large 15L 50L 60L 90L 110L Litre Metal Galvanised Home Garden Bin Leaves Paper Wood Rubbish Dustbin Made Storage Unit in U. K. (15 Liter),Steel,1.05,Land,Medium,C,1.89,China
Metal Bins Small Medium Large Extra Large 15L 50L 60L 90L 110L Litre Metal Galvanised Home Garden Bin Leaves Paper Wood Rubbish Dustbin Made Storage Unit in U. K. (15 Liter),Steel,1.05,Land,Medium,C,1.89,China
Metal Bins Small Medium Large Extra Large 15L 50L 60L 90L 110L Litre Metal Galvanised Home Garden Bin Leaves Paper Wood Rubbish Dustbin Made Storage Unit in U. K. (15 Liter),Steel,1.05,Land,Medium,C,1.89,China
Metal Bins Small Medium Large Extra Large 15L 50L 60L 90L 110L Litre Metal Galvanised Home Garden Bin Leaves Paper Wood Rubbish Dustbin Made Storage Unit in U. K. (15 Liter),Steel,1.05,Land,Medium,C,1.89,China
Metal Bins Small Medium Large Extra Large 15L 50L 60L 90L 110L Litre Metal Galvanised Home Garden Bin Leaves Paper Wood Rubbish Dustbin Made Storage Unit in U. K. (15 Liter),Steel,1.05,Land,Medium,C,1.89,China
Metal Bins Small Medium Large Extra Large 15L 50L 60L 90L 110L Litre Metal Galvanised Home Garden Bin Leaves Paper Wood Rubbish Dustbin Made Storage Unit in U. K. (15 Liter),Steel,1.05,Land,Medium,C,1.89,China
Metal Bins Small Medium Large Extra Large 15L 50L 60L 90L 110L Litre Metal Galvanised Home Garden Bin Leaves Paper Wood Rubbish Dustbin Made Storage Unit in U. K. (15 Liter),Steel,1.05,Land,Medium,C,1.89,China
Metal Bins Small Medium Large Extra Large 15L 50L 60L 90L 110L Litre Metal Galvanised Home Garden Bin Leaves Paper Wood Rubbish Dustbin Made Storage Unit in U. K. (15 Liter),Steel,1.05,Land,Medium,C,1.89,China
Metal Bins Small Medium Large Extra Large 15L 50L 60L 90L 110L Litre Metal Galvanised Home Garden Bin Leaves Paper Wood Rubbish Dustbin Made Storage Unit in U. K. (15 Liter),Steel,1.05,Land,Medium,C,1.89,China
"Mesh WasteBasket Black Metal Wire Garbage Trash Can For Office Home Bedroom Height 10.1"" Width 10"", 4 Gallon (16 Quart) (1, Black)",Other,0.00,Land,Medium,C,0.01,China
"Mesh WasteBasket Black Metal Wire Garbage Trash Can For Office Home Bedroom Height 10.1"" Width 10"", 4 Gallon (16 Quart) (1, Black)",Other,0.00,Land,Medium,C,0.01,China
"Mesh WasteBasket Black Metal Wire Garbage Trash Can For Office Home Bedroom Height 10.1"" Width 10"", 4 Gallon (16 Quart) (1, Black)",Other,0.00,Land,Medium,C,0.01,China
"12"" Aluminium Vinyl Record Storage Case,Holds up to 40 LPs (in PVC Sleeves) Includes 40 x 12 Inch Outer Record Sleeves (Sliver)",Other,1.05,Land,Medium,C,2.1,China
"12"" Aluminium Vinyl Record Storage Case,Holds up to 40 LPs (in PVC Sleeves) Includes 40 x 12 Inch Outer Record Sleeves (Sliver)",Other,1.05,Land,Medium,C,2.1,China
"IModeur 75 Pack Permanent Vinyl Sheets (30.5 x 30.5 cm, Glossy & Matte) - 38 Assorted Colors Adhesive Vinyl for Cricut Machines, Silhouette Cameo, Birthday Gifts, Deco Sticker",Other,1.94,Land,Medium,C,3.89,China
"KEPLIN 16"" Heavy Duty Chrome Floor Fan with 3 Speeds, Adjustable Head, Standing Metal Pedestal with Powerful Circulation, Room Fan Ideal for Indoor & Outdoor use Home, Gym, Office, Garage",Other,5.15,Land,Medium,C,10.29,China
"KEPLIN 16"" Heavy Duty Chrome Floor Fan with 3 Speeds, Adjustable Head, Standing Metal Pedestal with Powerful Circulation, Room Fan Ideal for Indoor & Outdoor use Home, Gym, Office, Garage",Other,5.15,Land,Medium,C,10.29,China
"KEPLIN 16"" Heavy Duty Chrome Floor Fan with 3 Speeds, Adjustable Head, Standing Metal Pedestal with Powerful Circulation, Room Fan Ideal for Indoor & Outdoor use Home, Gym, Office, Garage",Other,5.15,Land,Medium,C,10.29,China
"KEPLIN 16"" Heavy Duty Chrome Floor Fan with 3 Speeds, Adjustable Head, Standing Metal Pedestal with Powerful Circulation, Room Fan Ideal for Indoor & Outdoor use Home, Gym, Office, Garage",Other,5.15,Land,Medium,C,10.29,China
"KEPLIN 16"" Heavy Duty Chrome Floor Fan with 3 Speeds, Adjustable Head, Standing Metal Pedestal with Powerful Circulation, Room Fan Ideal for Indoor & Outdoor use Home, Gym, Office, Garage",Other,5.15,Land,Medium,C,10.29,China
"KEPLIN 16"" Heavy Duty Chrome Floor Fan with 3 Speeds, Adjustable Head, Standing Metal Pedestal with Powerful Circulation, Room Fan Ideal for Indoor & Outdoor use Home, Gym, Office, Garage",Other,5.15,Land,Medium,C,10.29,China
"KEPLIN 16"" Heavy Duty Chrome Floor Fan with 3 Speeds, Adjustable Head, Standing Metal Pedestal with Powerful Circulation, Room Fan Ideal for Indoor & Outdoor use Home, Gym, Office, Garage",Other,5.15,Land,Medium,C,10.29,China
"KEPLIN 16"" Heavy Duty Chrome Floor Fan with 3 Speeds, Adjustable Head, Standing Metal Pedestal with Powerful Circulation, Room Fan Ideal for Indoor & Outdoor use Home, Gym, Office, Garage",Other,5.15,Land,Medium,C,10.29,China
"KEPLIN 16"" Heavy Duty Chrome Floor Fan with 3 Speeds, Adjustable Head, Standing Metal Pedestal with Powerful Circulation, Room Fan Ideal for Indoor & Outdoor use Home, Gym, Office, Garage",Other,5.15,Land,Medium,C,10.29,China
"KEPLIN 16"" Heavy Duty Chrome Floor Fan with 3 Speeds, Adjustable Head, Standing Metal Pedestal with Powerful Circulation, Room Fan Ideal for Indoor & Outdoor use Home, Gym, Office, Garage",Other,5.15,Land,Medium,C,10.29,China
"KEPLIN 16"" Heavy Duty Chrome Floor Fan with 3 Speeds, Adjustable Head, Standing Metal Pedestal with Powerful Circulation, Room Fan Ideal for Indoor & Outdoor use Home, Gym, Office, Garage",Other,5.15,Land,Medium,D,10.29,China
"KEPLIN 16"" Heavy Duty Chrome Floor Fan with 3 Speeds, Adjustable Head, Standing Metal Pedestal with Powerful Circulation, Room Fan Ideal for Indoor & Outdoor use Home, Gym, Office, Garage",Other,5.15,Land,Medium,D,10.29,China
"KEPLIN 16"" Heavy Duty Chrome Floor Fan with 3 Speeds, Adjustable Head, Standing Metal Pedestal with Powerful Circulation, Room Fan Ideal for Indoor & Outdoor use Home, Gym, Office, Garage",Other,5.15,Land,Medium,D,10.29,China
"KEPLIN 16"" Heavy Duty Chrome Floor Fan with 3 Speeds, Adjustable Head, Standing Metal Pedestal with Powerful Circulation, Room Fan Ideal for Indoor & Outdoor use Home, Gym, Office, Garage",Other,5.15,Land,Medium,D,10.29,China
Panana Heavy Duty Gaming Reclining Racing Chair PU Leather Swivel PC Game Desk Chair (Grey),Other,15.75,Land,Medium,D,31.5,China
Panana Heavy Duty Gaming Reclining Racing Chair PU Leather Swivel PC Game Desk Chair (Grey),Other,15.75,Land,Medium,D,31.5,China
Panana Heavy Duty Gaming Reclining Racing Chair PU Leather Swivel PC Game Desk Chair (Grey),Other,15.75,Land,Medium,D,31.5,China
EMIAH Electric Reclining Gaming Chair with Footrest Padded Seat Ergonomic Leather Office Chair 8D Adjustable Armrests Breathable Headrest Lumbar Support Racing Style High Back Computer Chair (Black),Other,52.50,Land,Medium,D,105.0,China
EMIAH Electric Reclining Gaming Chair with Footrest Padded Seat Ergonomic Leather Office Chair 8D Adjustable Armrests Breathable Headrest Lumbar Support Racing Style High Back Computer Chair (Black),Other,52.50,Land,Medium,D,105.0,China
EMIAH Electric Reclining Gaming Chair with Footrest Padded Seat Ergonomic Leather Office Chair 8D Adjustable Armrests Breathable Headrest Lumbar Support Racing Style High Back Computer Chair (Black),Other,52.50,Land,Medium,D,105.0,China
"Genuine Leather Sheets for Crafts, Tooling Leather Sheet 12"" x 24"" - Full Grain Brown Buffalo Leather Fabric, Leather Crafting Kit, Veg Tan Leather for Leather Craft with 36"" Leather Cord by MOONSTER®",Other,1.05,Land,Medium,C,2.1,China
"Genuine Leather Sheets for Crafts, Tooling Leather Sheet 12"" x 24"" - Full Grain Brown Buffalo Leather Fabric, Leather Crafting Kit, Veg Tan Leather for Leather Craft with 36"" Leather Cord by MOONSTER®",Leather,1.05,Land,Medium,C,6.3,China
"Genuine Leather Sheets for Crafts, Tooling Leather Sheet 12"" x 24"" - Full Grain Brown Buffalo Leather Fabric, Leather Crafting Kit, Veg Tan Leather for Leather Craft with 36"" Leather Cord by MOONSTER®",Leather,1.05,Land,Medium,C,6.3,China
"Genuine Leather Sheets for Crafts, Tooling Leather Sheet 12"" x 24"" - Full Grain Brown Buffalo Leather Fabric, Leather Crafting Kit, Veg Tan Leather for Leather Craft with 36"" Leather Cord by MOONSTER®",Leather,1.05,Land,Medium,C,6.3,China
"Genuine Leather Sheets for Crafts, Tooling Leather Sheet 12"" x 24"" - Full Grain Brown Buffalo Leather Fabric, Leather Crafting Kit, Veg Tan Leather for Leather Craft with 36"" Leather Cord by MOONSTER®",Leather,1.05,Land,Medium,C,6.3,China
"Genuine Leather Sheets for Crafts, Tooling Leather Sheet 12"" x 24"" - Full Grain Brown Buffalo Leather Fabric, Leather Crafting Kit, Veg Tan Leather for Leather Craft with 36"" Leather Cord by MOONSTER®",Leather,1.05,Land,Medium,C,6.3,China
"Genuine Leather Sheets for Crafts, Tooling Leather Sheet 12"" x 24"" - Full Grain Brown Buffalo Leather Fabric, Leather Crafting Kit, Veg Tan Leather for Leather Craft with 36"" Leather Cord by MOONSTER®",Leather,1.05,Land,Medium,C,6.3,China
"Genuine Leather Sheets for Crafts, Tooling Leather Sheet 12"" x 24"" - Full Grain Brown Buffalo Leather Fabric, Leather Crafting Kit, Veg Tan Leather for Leather Craft with 36"" Leather Cord by MOONSTER®",Leather,1.05,Land,Medium,C,6.3,China
"Genuine Leather Sheets for Crafts, Tooling Leather Sheet 12"" x 24"" - Full Grain Brown Buffalo Leather Fabric, Leather Crafting Kit, Veg Tan Leather for Leather Craft with 36"" Leather Cord by MOONSTER®",Leather,1.05,Land,Medium,C,6.3,China
"1Mii Y8 Hybrid Active Noise Cancelling Headphones, LDAC Hi-Res Wireless Audio, 75H Playtime, Comfort Fit & Foldable Over Ear Bluetooth Headphones for Travel, Home, Office -Black",Other,1.05,Land,Medium,C,2.1,China
"1Mii Y8 Hybrid Active Noise Cancelling Headphones, LDAC Hi-Res Wireless Audio, 75H Playtime, Comfort Fit & Foldable Over Ear Bluetooth Headphones for Travel, Home, Office -Black",Other,1.05,Land,Medium,C,2.1,China
"Executive Office Chair, Ergonomic Home Office Desk Chair with Wheels, Thicken Armrest and Lumbar Support, Upholstered PU Leather Mid-Back for Living Room, Make-up, Studying and Gaming",Leather,19.11,Land,Medium,D,114.66,China
Panana Heavy Duty Gaming Reclining Racing Chair PU Leather Swivel PC Game Desk Chair (Grey),Leather,15.75,Land,Medium,D,94.5,China
Panana Heavy Duty Gaming Reclining Racing Chair PU Leather Swivel PC Game Desk Chair (Grey),Leather,15.75,Land,Medium,D,94.5,China
"SILVER VALLEY Computer Desk Home Office Writing Desk, Modern Simple Study Table for student and worker, Laptop Table with Storage Bag, Cup Holder, and Headphone Hook (80x50x75cm, Rustic Brown)",Wood,8.82,Land,Medium,D,5.29,China
"Jumbo Cord Scatter Back 3 and 2 Seater Sofa Sets Supreme Comfort Duo Dylan Cream Soft Cord Settee Collection For Your Living Space with Double the Style and Comfort (Cream, 3+2 Seater)",Wood,210.00,Land,Medium,D,126.0,China
"Okydoky Self-Adhesive Cork Borad Roll, 3mm Thick Cork Boards for Walls, 10x200cm Cork Board Roll for Office, Home, School(3mm-10x200cm)",Other,0.16,Land,Medium,C,0.32,China
"Okydoky Self-Adhesive Cork Borad Roll, 3mm Thick Cork Boards for Walls, 10x200cm Cork Board Roll for Office, Home, School(3mm-10x200cm)",Other,0.16,Land,Medium,C,0.32,China
"Okydoky Self-Adhesive Cork Borad Roll, 3mm Thick Cork Boards for Walls, 10x200cm Cork Board Roll for Office, Home, School(3mm-10x200cm)",Other,0.16,Land,Medium,C,0.32,China
"Vesgantti Small 2 Seater Sofa Blue, Comfy Sofa Couch with Spring Cushion, Velvet Sofa with Wood Legs, Modern Love Seat Sofa, Sofa 2 Seater for Living Room, Small Sofa for Bedroom, Blue Office Sofa",Foam,420.00,Land,Medium,D,840.0,China
"Vesgantti Small 2 Seater Sofa Blue, Comfy Sofa Couch with Spring Cushion, Velvet Sofa with Wood Legs, Modern Love Seat Sofa, Sofa 2 Seater for Living Room, Small Sofa for Bedroom, Blue Office Sofa",Foam,400.00,Land,Medium,D,800.0,China
"Vesgantti Small 2 Seater Sofa Blue, Comfy Sofa Couch with Spring Cushion, Velvet Sofa with Wood Legs, Modern Love Seat Sofa, Sofa 2 Seater for Living Room, Small Sofa for Bedroom, Blue Office Sofa",Foam,420.00,Land,Medium,D,840.0,China
"Vesgantti Small 2 Seater Sofa Blue, Comfy Sofa Couch with Spring Cushion, Velvet Sofa with Wood Legs, Modern Love Seat Sofa, Sofa 2 Seater for Living Room, Small Sofa for Bedroom, Blue Office Sofa",Foam,420.00,Land,Medium,D,840.0,China
"Vesgantti Small 2 Seater Sofa Blue, Comfy Sofa Couch with Spring Cushion, Velvet Sofa with Wood Legs, Modern Love Seat Sofa, Sofa 2 Seater for Living Room, Small Sofa for Bedroom, Blue Office Sofa",Foam,420.00,Land,Medium,D,840.0,China
"Vesgantti Small 2 Seater Sofa Blue, Comfy Sofa Couch with Spring Cushion, Velvet Sofa with Wood Legs, Modern Love Seat Sofa, Sofa 2 Seater for Living Room, Small Sofa for Bedroom, Blue Office Sofa",Foam,420.00,Land,Medium,D,840.0,China
"Vesgantti Small 2 Seater Sofa Blue, Comfy Sofa Couch with Spring Cushion, Velvet Sofa with Wood Legs, Modern Love Seat Sofa, Sofa 2 Seater for Living Room, Small Sofa for Bedroom, Blue Office Sofa",Foam,420.00,Land,Medium,D,840.0,China
"Vesgantti Small 2 Seater Sofa Blue, Comfy Sofa Couch with Spring Cushion, Velvet Sofa with Wood Legs, Modern Love Seat Sofa, Sofa 2 Seater for Living Room, Small Sofa for Bedroom, Blue Office Sofa",Foam,420.00,Land,Medium,D,840.0,China
"Vesgantti Small 2 Seater Sofa Blue, Comfy Sofa Couch with Spring Cushion, Velvet Sofa with Wood Legs, Modern Love Seat Sofa, Sofa 2 Seater for Living Room, Small Sofa for Bedroom, Blue Office Sofa",Foam,420.00,Land,Medium,D,840.0,China
"SHAN ZU Kitchen Santoku Knives in Powder Steel, Japanese Knife 20cm Professional Chef Knives High Carbon Carving Knives, Ultra Sharp Kitchen Knives Utility Knife with Ergonomic Pakkawood Handle",Steel,0.26,Land,Medium,C,0.47,China
"HexClad Essential Knife Set, 6-Pieces, Japanese Damascus Stainless Steel Blades, Full Tang Construction, Pakkawood Handles",Steel,1.43,Land,Medium,C,2.57,China
"HexClad Essential Knife Set, 6-Pieces, Japanese Damascus Stainless Steel Blades, Full Tang Construction, Pakkawood Handles",Steel,1.43,Land,Medium,C,2.57,China
"HexClad Essential Knife Set, 6-Pieces, Japanese Damascus Stainless Steel Blades, Full Tang Construction, Pakkawood Handles",Steel,1.43,Land,Medium,C,2.57,China
"SHAN ZU Kitchen Santoku Knives in Powder Steel, Japanese Knife 20cm Professional Chef Knives High Carbon Carving Knives, Ultra Sharp Kitchen Knives Utility Knife with Ergonomic Pakkawood Handle",Steel,0.26,Land,Medium,C,0.47,China
"SHAN ZU Kitchen Santoku Knives in Powder Steel, Japanese Knife 20cm Professional Chef Knives High Carbon Carving Knives, Ultra Sharp Kitchen Knives Utility Knife with Ergonomic Pakkawood Handle",Steel,0.26,Land,Medium,C,0.47,China
"SHAN ZU Kitchen Santoku Knives in Powder Steel, Japanese Knife 20cm Professional Chef Knives High Carbon Carving Knives, Ultra Sharp Kitchen Knives Utility Knife with Ergonomic Pakkawood Handle",Steel,0.26,Land,Medium,C,0.47,China
"SHAN ZU Kitchen Santoku Knives in Powder Steel, Japanese Knife 20cm Professional Chef Knives High Carbon Carving Knives, Ultra Sharp Kitchen Knives Utility Knife with Ergonomic Pakkawood Handle",Steel,0.26,Land,Medium,C,0.47,China
"SHAN ZU Kitchen Santoku Knives in Powder Steel, Japanese Knife 20cm Professional Chef Knives High Carbon Carving Knives, Ultra Sharp Kitchen Knives Utility Knife with Ergonomic Pakkawood Handle",Steel,0.26,Land,Medium,C,0.47,China
"SHAN ZU Kitchen Santoku Knives in Powder Steel, Japanese Knife 20cm Professional Chef Knives High Carbon Carving Knives, Ultra Sharp Kitchen Knives Utility Knife with Ergonomic Pakkawood Handle",Steel,0.26,Land,Medium,C,0.47,China
